Workbook

Sheet DonNoiThat
A1: ma_dnt | B1: ngay_giao | C1: ma_nt | D1: so_chiec | E1: ten_noi_that | F1: gia_niem_yet | G1: gia_tri
A2: DNT001 | B2: 2026-01-01 | C2: BG01 | D2: 2 | E2: =VLOOKUP(C2,SanPhamNT!$A$1:$C$8,2,0) -> Ban go lam viec | F2: =VLOOKUP(C2,SanPhamNT!$A$1:$C$8,3,0) -> 2500000 | G2: =D2*F2 -> 5000000
A3: DNT002 | B3: 2026-01-02 | C3: BT01 | D3: 3 | E3: =VLOOKUP(C3,SanPhamNT!$A$1:$C$8,2,0) -> Ban tra | F3: =VLOOKUP(C3,SanPhamNT!$A$1:$C$8,3,0) -> 1500000 | G3: =D3*F3 -> 4500000
A4: DNT003 | B4: 2026-01-03 | C4: KS01 | D4: 2 | E4: =VLOOKUP(C4,SanPhamNT!$A$1:$C$8,2,0) -> Ke sach 5 tang | F4: =VLOOKUP(C4,SanPhamNT!$A$1:$C$8,3,0) -> 900000 | G4: =D4*F4 -> 1800000
A5: DNT004 | B5: 2026-01-04 | C5: GH01 | D5: 2 | E5: =VLOOKUP(C5,SanPhamNT!$A$1:$C$8,2,0) -> Ghe xoay van phong | F5: =VLOOKUP(C5,SanPhamNT!$A$1:$C$8,3,0) -> 1200000 | G5: =D5*F5 -> 2400000
A6: DNT005 | B6: 2026-01-05 | C6: DN01 | D6: 4 | E6: =VLOOKUP(C6,SanPhamNT!$A$1:$C$8,2,0) -> Den ngu | F6: =VLOOKUP(C6,SanPhamNT!$A$1:$C$8,3,0) -> 400000 | G6: =D6*F6 -> 1600000
A7: DNT006 | B7: 2026-01-06 | C7: BG01 | D7: 2 | E7: =VLOOKUP(C7,SanPhamNT!$A$1:$C$8,2,0) -> Ban go lam viec | F7: =VLOOKUP(C7,SanPhamNT!$A$1:$C$8,3,0) -> 2500000 | G7: =D7*F7 -> 5000000
A8: DNT007 | B8: 2026-01-07 | C8: SF01 | D8: 1 | E8: =VLOOKUP(C8,SanPhamNT!$A$1:$C$8,2,0) -> Sofa don | F8: =VLOOKUP(C8,SanPhamNT!$A$1:$C$8,3,0) -> 3500000 | G8: =D8*F8 -> 3500000
A9: DNT008 | B9: 2026-01-08 | C9: GH01 | D9: 5 | E9: =VLOOKUP(C9,SanPhamNT!$A$1:$C$8,2,0) -> Ghe xoay van phong | F9: =VLOOKUP(C9,SanPhamNT!$A$1:$C$8,3,0) -> 1200000 | G9: =D9*F9 -> 6000000
A10: DNT009 | B10: 2026-01-09 | C10: BG01 | D10: 2 | E10: =VLOOKUP(C10,SanPhamNT!$A$1:$C$8,2,0) -> Ban go lam viec | F10: =VLOOKUP(C10,SanPhamNT!$A$1:$C$8,3,0) -> 2500000 | G10: =D10*F10 -> 5000000
A11: DNT010 | B11: 2026-01-10 | C11: TQ01 | D11: 4 | E11: =VLOOKUP(C11,SanPhamNT!$A$1:$C$8,2,0) -> Tu quan ao 3 canh | F11: =VLOOKUP(C11,SanPhamNT!$A$1:$C$8,3,0) -> 4500000 | G11: =D11*F11 -> 18000000
A12: DNT011 | B12: 2026-01-11 | C12: GH01 | D12: 3 | E12: =VLOOKUP(C12,SanPhamNT!$A$1:$C$8,2,0) -> Ghe xoay van phong | F12: =VLOOKUP(C12,SanPhamNT!$A$1:$C$8,3,0) -> 1200000 | G12: =D12*F12 -> 3600000
A13: DNT012 | B13: 2026-01-12 | C13: BT01 | D13: 4 | E13: =VLOOKUP(C13,SanPhamNT!$A$1:$C$8,2,0) -> Ban tra | F13: =VLOOKUP(C13,SanPhamNT!$A$1:$C$8,3,0) -> 1500000 | G13: =D13*F13 -> 6000000
... A16: DNT015 | B16: 2026-01-15 | C16: KS01 | D16: 4 | E16: =VLOOKUP(C16,SanPhamNT!$A$1:$C$8,2,0) -> Ke sach 5 tang | F16: =VLOOKUP(C16,SanPhamNT!$A$1:$C$8,3,0) -> 900000 | G16: =D16*F16 -> 3600000

Sheet SanPhamNT
A1: ma_nt | B1: ten_noi_that | C1: gia_niem_yet
A2: BG01 | B2: Ban go lam viec | C2: 2500000
A3: GH01 | B3: Ghe xoay van phong | C3: 1200000
A4: KS01 | B4: Ke sach 5 tang | C4: 900000
A5: TQ01 | B5: Tu quan ao 3 canh | C5: 4500000
A6: SF01 | B6: Sofa don | C6: 3500000
A7: DN01 | B7: Den ngu | C7: 400000
A8: BT01 | B8: Ban tra | C8: 1500000
